<application>
  <component name="FileTypeManager" version="17">
    <ignoreFiles list="*$py.class;*.hprof;*.pyc;*.pyo;*.rbc;*.yarb;*~;.DS_Store;.git;.hg;.svn;CVS;__pycache__;_svn;vssver.scc;vssver2.scc;" />
    <extensionMap>
      <mapping pattern=".env" type="PLAIN_TEXT" />
      <mapping pattern="test_x509" type="PLAIN_TEXT" />
      <mapping pattern="CODEOWNERS" type="PLAIN_TEXT" />
      <mapping pattern="dockerfile" type="PLAIN_TEXT" />
      <mapping ext="j2" type="PLAIN_TEXT" />
      <mapping ext="conf" type="PLAIN_TEXT" />
      <mapping ext="repo" type="PLAIN_TEXT" />
      <mapping ext="options" type="PLAIN_TEXT" />
    </extensionMap>
  </component>
</application>