<application>
  <component name="ProjectJdkTable">
    <jdk version="2">
      <name value="Python 3.7" />
      <type value="Python SDK" />
      <version value="Python 3.7.3" />
      <homePath value="C:\Users\ash84\AppData\Local\Programs\Python\Python37-32\python.exe" />
      <roots>
        <classPath>
          <root type="composite">
            <root url="file://$USER_HOME$/AppData/Local/Programs/Python/Python37-32/DLLs" type="simple" />
            <root url="file://$USER_HOME$/AppData/Local/Programs/Python/Python37-32/Lib" type="simple" />
            <root url="file://$USER_HOME$/AppData/Local/Programs/Python/Python37-32" type="simple" />
            <root url="file://$USER_HOME$/AppData/Roaming/Python/Python37/site-packages" type="simple" />
            <root url="file://$USER_HOME$/AppData/Local/Programs/Python/Python37-32/Lib/site-packages" type="simple" />
            <root url="file://$USER_HOME$/.PyCharm2019.1/system/python_stubs/941970106" type="simple" />
            <root url="file://$APPLICATION_HOME_DIR$/helpers/python-skeletons" type="simple" />
            <root url="file://$APPLICATION_HOME_DIR$/helpers/typeshed/stdlib/3" type="simple" />
            <root url="file://$APPLICATION_HOME_DIR$/helpers/typeshed/stdlib/2and3" type="simple" />
            <root url="file://$APPLICATION_HOME_DIR$/helpers/typeshed/third_party/3" type="simple" />
            <root url="file://$APPLICATION_HOME_DIR$/helpers/typeshed/third_party/2and3" type="simple" />
          </root>
        </classPath>
        <sourcePath>
          <root type="composite" />
        </sourcePath>
      </roots>
      <additional />
    </jdk>
    <jdk version="2">
      <name value="Pipenv (rhea)" />
      <type value="Python SDK" />
      <version value="Python 3.7.3" />
      <homePath value="C:\Users\ash84\.virtualenvs\rhea-M8wS8PaT\Scripts\python.exe" />
      <roots>
        <classPath>
          <root type="composite">
            <root url="file://$USER_HOME$/.virtualenvs/rhea-M8wS8PaT/Lib" type="simple" />
            <root url="file://$USER_HOME$/.virtualenvs/rhea-M8wS8PaT/Scripts" type="simple" />
            <root url="file://$USER_HOME$/AppData/Local/Programs/Python/Python37-32/Lib" type="simple" />
            <root url="file://$USER_HOME$/AppData/Local/Programs/Python/Python37-32/DLLs" type="simple" />
            <root url="file://$USER_HOME$/.virtualenvs/rhea-M8wS8PaT" type="simple" />
            <root url="file://$USER_HOME$/.virtualenvs/rhea-M8wS8PaT/Lib/site-packages" type="simple" />
            <root url="file://$USER_HOME$/.PyCharm2019.1/system/python_stubs/587395737" type="simple" />
            <root url="file://$APPLICATION_HOME_DIR$/helpers/python-skeletons" type="simple" />
            <root url="file://$APPLICATION_HOME_DIR$/helpers/typeshed/stdlib/3" type="simple" />
            <root url="file://$APPLICATION_HOME_DIR$/helpers/typeshed/stdlib/2and3" type="simple" />
            <root url="file://$APPLICATION_HOME_DIR$/helpers/typeshed/third_party/3" type="simple" />
            <root url="file://$APPLICATION_HOME_DIR$/helpers/typeshed/third_party/2and3" type="simple" />
          </root>
        </classPath>
        <sourcePath>
          <root type="composite" />
        </sourcePath>
      </roots>
      <additional ASSOCIATED_PROJECT_PATH="C:/workspace/rainist/rhea" IS_PIPENV="true" />
    </jdk>
    <jdk version="2">
      <name value="Pipenv (siren)" />
      <type value="Python SDK" />
      <version value="Python 3.7.3" />
      <homePath value="C:\Users\ash84\.virtualenvs\siren-_sbmGVST\Scripts\python.exe" />
      <roots>
        <classPath>
          <root type="composite">
            <root url="file://$USER_HOME$/.virtualenvs/siren-_sbmGVST/Lib" type="simple" />
            <root url="file://$USER_HOME$/.virtualenvs/siren-_sbmGVST/Scripts" type="simple" />
            <root url="file://$USER_HOME$/AppData/Local/Programs/Python/Python37-32/Lib" type="simple" />
            <root url="file://$USER_HOME$/AppData/Local/Programs/Python/Python37-32/DLLs" type="simple" />
            <root url="file://$USER_HOME$/.virtualenvs/siren-_sbmGVST" type="simple" />
            <root url="file://$USER_HOME$/.virtualenvs/siren-_sbmGVST/Lib/site-packages" type="simple" />
            <root url="file://$USER_HOME$/.PyCharm2019.1/system/python_stubs/1356976623" type="simple" />
            <root url="file://$APPLICATION_HOME_DIR$/helpers/python-skeletons" type="simple" />
            <root url="file://$APPLICATION_HOME_DIR$/helpers/typeshed/stdlib/3" type="simple" />
            <root url="file://$APPLICATION_HOME_DIR$/helpers/typeshed/stdlib/2and3" type="simple" />
            <root url="file://$APPLICATION_HOME_DIR$/helpers/typeshed/third_party/3" type="simple" />
            <root url="file://$APPLICATION_HOME_DIR$/helpers/typeshed/third_party/2and3" type="simple" />
          </root>
        </classPath>
        <sourcePath>
          <root type="composite" />
        </sourcePath>
      </roots>
      <additional ASSOCIATED_PROJECT_PATH="C:/workspace/rainist/siren" IS_PIPENV="true" />
    </jdk>
    <jdk version="2">
      <name value="Pipenv (test123)" />
      <type value="Python SDK" />
      <version value="Python 3.7.3" />
      <homePath value="C:\Users\ash84\.virtualenvs\test123-u1hDwhK2\Scripts\python.exe" />
      <roots>
        <classPath>
          <root type="composite">
            <root url="file://$USER_HOME$/.virtualenvs/test123-u1hDwhK2/Lib" type="simple" />
            <root url="file://$USER_HOME$/.virtualenvs/test123-u1hDwhK2/Scripts" type="simple" />
            <root url="file://$USER_HOME$/AppData/Local/Programs/Python/Python37-32/Lib" type="simple" />
            <root url="file://$USER_HOME$/AppData/Local/Programs/Python/Python37-32/DLLs" type="simple" />
            <root url="file://$USER_HOME$/.virtualenvs/test123-u1hDwhK2" type="simple" />
            <root url="file://$USER_HOME$/.virtualenvs/test123-u1hDwhK2/Lib/site-packages" type="simple" />
            <root url="file://$USER_HOME$/.PyCharm2019.1/system/python_stubs/-1710273815" type="simple" />
            <root url="file://$APPLICATION_HOME_DIR$/helpers/python-skeletons" type="simple" />
            <root url="file://$APPLICATION_HOME_DIR$/helpers/typeshed/stdlib/3" type="simple" />
            <root url="file://$APPLICATION_HOME_DIR$/helpers/typeshed/stdlib/2and3" type="simple" />
            <root url="file://$APPLICATION_HOME_DIR$/helpers/typeshed/third_party/3" type="simple" />
            <root url="file://$APPLICATION_HOME_DIR$/helpers/typeshed/third_party/2and3" type="simple" />
          </root>
        </classPath>
        <sourcePath>
          <root type="composite" />
        </sourcePath>
      </roots>
      <additional ASSOCIATED_PROJECT_PATH="C:/workspace/test123" IS_PIPENV="true" />
    </jdk>
    <jdk version="2">
      <name value="Pipenv (themis)" />
      <type value="Python SDK" />
      <version value="Python 3.7.3" />
      <homePath value="C:\Users\ash84\.virtualenvs\themis-yC4yKZ5Z\Scripts\python.exe" />
      <roots>
        <classPath>
          <root type="composite">
            <root url="file://$USER_HOME$/.virtualenvs/themis-yC4yKZ5Z/Lib" type="simple" />
            <root url="file://$USER_HOME$/.virtualenvs/themis-yC4yKZ5Z/Scripts" type="simple" />
            <root url="file://$USER_HOME$/AppData/Local/Programs/Python/Python37-32/Lib" type="simple" />
            <root url="file://$USER_HOME$/AppData/Local/Programs/Python/Python37-32/DLLs" type="simple" />
            <root url="file://$USER_HOME$/.virtualenvs/themis-yC4yKZ5Z" type="simple" />
            <root url="file://$USER_HOME$/.virtualenvs/themis-yC4yKZ5Z/Lib/site-packages" type="simple" />
            <root url="file://$USER_HOME$/.PyCharm2019.1/system/python_stubs/1020499708" type="simple" />
            <root url="file://$APPLICATION_HOME_DIR$/helpers/python-skeletons" type="simple" />
            <root url="file://$APPLICATION_HOME_DIR$/helpers/typeshed/stdlib/3" type="simple" />
            <root url="file://$APPLICATION_HOME_DIR$/helpers/typeshed/stdlib/2and3" type="simple" />
            <root url="file://$APPLICATION_HOME_DIR$/helpers/typeshed/third_party/3" type="simple" />
            <root url="file://$APPLICATION_HOME_DIR$/helpers/typeshed/third_party/2and3" type="simple" />
          </root>
        </classPath>
        <sourcePath>
          <root type="composite" />
        </sourcePath>
      </roots>
      <additional ASSOCIATED_PROJECT_PATH="C:/workspace/rainist/themis" IS_PIPENV="true" />
    </jdk>
    <jdk version="2">
      <name value="Pipenv (charon)" />
      <type value="Python SDK" />
      <version value="Python 3.7.3" />
      <homePath value="C:\Users\ash84\.virtualenvs\charon-GJXPg4K9\Scripts\python.exe" />
      <roots>
        <classPath>
          <root type="composite">
            <root url="file://$USER_HOME$/.virtualenvs/charon-GJXPg4K9/Lib" type="simple" />
            <root url="file://$USER_HOME$/.virtualenvs/charon-GJXPg4K9/Scripts" type="simple" />
            <root url="file://$USER_HOME$/AppData/Local/Programs/Python/Python37-32/Lib" type="simple" />
            <root url="file://$USER_HOME$/AppData/Local/Programs/Python/Python37-32/DLLs" type="simple" />
            <root url="file://$USER_HOME$/.virtualenvs/charon-GJXPg4K9" type="simple" />
            <root url="file://$USER_HOME$/.virtualenvs/charon-GJXPg4K9/Lib/site-packages" type="simple" />
            <root url="file://$USER_HOME$/.PyCharm2019.1/system/python_stubs/528581336" type="simple" />
            <root url="file://$APPLICATION_HOME_DIR$/helpers/python-skeletons" type="simple" />
            <root url="file://$APPLICATION_HOME_DIR$/helpers/typeshed/stdlib/3" type="simple" />
            <root url="file://$APPLICATION_HOME_DIR$/helpers/typeshed/stdlib/2and3" type="simple" />
            <root url="file://$APPLICATION_HOME_DIR$/helpers/typeshed/third_party/3" type="simple" />
            <root url="file://$APPLICATION_HOME_DIR$/helpers/typeshed/third_party/2and3" type="simple" />
          </root>
        </classPath>
        <sourcePath>
          <root type="composite" />
        </sourcePath>
      </roots>
      <additional ASSOCIATED_PROJECT_PATH="C:/workspace/rainist/charon" IS_PIPENV="true" />
    </jdk>
    <jdk version="2">
      <name value="Pipenv (hades)" />
      <type value="Python SDK" />
      <version value="Python 3.7.3" />
      <homePath value="C:\Users\ash84\.virtualenvs\hades-BgSAuo2h\Scripts\python.exe" />
      <roots>
        <classPath>
          <root type="composite">
            <root url="file://$USER_HOME$/.virtualenvs/hades-BgSAuo2h/Lib" type="simple" />
            <root url="file://$USER_HOME$/.virtualenvs/hades-BgSAuo2h/Scripts" type="simple" />
            <root url="file://$USER_HOME$/AppData/Local/Programs/Python/Python37-32/Lib" type="simple" />
            <root url="file://$USER_HOME$/AppData/Local/Programs/Python/Python37-32/DLLs" type="simple" />
            <root url="file://$USER_HOME$/.virtualenvs/hades-BgSAuo2h" type="simple" />
            <root url="file://$USER_HOME$/.virtualenvs/hades-BgSAuo2h/Lib/site-packages" type="simple" />
            <root url="file://$USER_HOME$/.PyCharm2019.1/system/python_stubs/-1638055377" type="simple" />
            <root url="file://$APPLICATION_HOME_DIR$/helpers/python-skeletons" type="simple" />
            <root url="file://$APPLICATION_HOME_DIR$/helpers/typeshed/stdlib/3" type="simple" />
            <root url="file://$APPLICATION_HOME_DIR$/helpers/typeshed/stdlib/2and3" type="simple" />
            <root url="file://$APPLICATION_HOME_DIR$/helpers/typeshed/third_party/3" type="simple" />
            <root url="file://$APPLICATION_HOME_DIR$/helpers/typeshed/third_party/2and3" type="simple" />
          </root>
        </classPath>
        <sourcePath>
          <root type="composite" />
        </sourcePath>
      </roots>
      <additional ASSOCIATED_PROJECT_PATH="C:/workspace/rainist/hades" IS_PIPENV="true" />
    </jdk>
    <jdk version="2">
      <name value="Pipenv (x509_test)" />
      <type value="Python SDK" />
      <version value="Python 3.7.3" />
      <homePath value="C:\Users\ash84\.virtualenvs\x509_test-v-M4nuQf\Scripts\python.exe" />
      <roots>
        <classPath>
          <root type="composite">
            <root url="file://$USER_HOME$/.virtualenvs/x509_test-v-M4nuQf/Lib" type="simple" />
            <root url="file://$USER_HOME$/.virtualenvs/x509_test-v-M4nuQf/Scripts" type="simple" />
            <root url="file://$USER_HOME$/AppData/Local/Programs/Python/Python37-32/Lib" type="simple" />
            <root url="file://$USER_HOME$/AppData/Local/Programs/Python/Python37-32/DLLs" type="simple" />
            <root url="file://$USER_HOME$/.virtualenvs/x509_test-v-M4nuQf" type="simple" />
            <root url="file://$USER_HOME$/.virtualenvs/x509_test-v-M4nuQf/Lib/site-packages" type="simple" />
            <root url="file://$USER_HOME$/.PyCharm2019.1/system/python_stubs/-1794594294" type="simple" />
            <root url="file://$APPLICATION_HOME_DIR$/helpers/python-skeletons" type="simple" />
            <root url="file://$APPLICATION_HOME_DIR$/helpers/typeshed/stdlib/3" type="simple" />
            <root url="file://$APPLICATION_HOME_DIR$/helpers/typeshed/stdlib/2and3" type="simple" />
            <root url="file://$APPLICATION_HOME_DIR$/helpers/typeshed/third_party/3" type="simple" />
            <root url="file://$APPLICATION_HOME_DIR$/helpers/typeshed/third_party/2and3" type="simple" />
          </root>
        </classPath>
        <sourcePath>
          <root type="composite" />
        </sourcePath>
      </roots>
      <additional ASSOCIATED_PROJECT_PATH="C:/workspace/rainist/x509_test" IS_PIPENV="true" />
    </jdk>
    <jdk version="2">
      <name value="Pipenv (checkpoint-update-cronjob)" />
      <type value="Python SDK" />
      <version value="Python 3.7.3" />
      <homePath value="C:\Users\ash84\.virtualenvs\checkpoint-update-cronjob-qxXx0YYH\Scripts\python.exe" />
      <roots>
        <classPath>
          <root type="composite">
            <root url="file://$USER_HOME$/.virtualenvs/checkpoint-update-cronjob-qxXx0YYH/Lib" type="simple" />
            <root url="file://$USER_HOME$/.virtualenvs/checkpoint-update-cronjob-qxXx0YYH/Scripts" type="simple" />
            <root url="file://$USER_HOME$/AppData/Local/Programs/Python/Python37-32/Lib" type="simple" />
            <root url="file://$USER_HOME$/AppData/Local/Programs/Python/Python37-32/DLLs" type="simple" />
            <root url="file://$USER_HOME$/.virtualenvs/checkpoint-update-cronjob-qxXx0YYH" type="simple" />
            <root url="file://$USER_HOME$/.virtualenvs/checkpoint-update-cronjob-qxXx0YYH/Lib/site-packages" type="simple" />
            <root url="file://$USER_HOME$/.PyCharm2019.1/system/python_stubs/-2108113014" type="simple" />
            <root url="file://$APPLICATION_HOME_DIR$/helpers/python-skeletons" type="simple" />
            <root url="file://$APPLICATION_HOME_DIR$/helpers/typeshed/stdlib/3" type="simple" />
            <root url="file://$APPLICATION_HOME_DIR$/helpers/typeshed/stdlib/2and3" type="simple" />
            <root url="file://$APPLICATION_HOME_DIR$/helpers/typeshed/third_party/3" type="simple" />
            <root url="file://$APPLICATION_HOME_DIR$/helpers/typeshed/third_party/2and3" type="simple" />
          </root>
        </classPath>
        <sourcePath>
          <root type="composite" />
        </sourcePath>
      </roots>
      <additional ASSOCIATED_PROJECT_PATH="C:/workspace/checkpoint-update-cronjob" IS_PIPENV="true" />
    </jdk>
    <jdk version="2">
      <name value="Pipenv (deploy-cli)" />
      <type value="Python SDK" />
      <version value="Python 3.7.3" />
      <homePath value="C:\Users\ash84\.virtualenvs\deploy-cli-yrxAUULc\Scripts\python.exe" />
      <roots>
        <classPath>
          <root type="composite">
            <root url="file://$USER_HOME$/.virtualenvs/deploy-cli-yrxAUULc/Lib" type="simple" />
            <root url="file://$USER_HOME$/.virtualenvs/deploy-cli-yrxAUULc/Scripts" type="simple" />
            <root url="file://$USER_HOME$/AppData/Local/Programs/Python/Python37-32/Lib" type="simple" />
            <root url="file://$USER_HOME$/AppData/Local/Programs/Python/Python37-32/DLLs" type="simple" />
            <root url="file://$USER_HOME$/.virtualenvs/deploy-cli-yrxAUULc" type="simple" />
            <root url="file://$USER_HOME$/.virtualenvs/deploy-cli-yrxAUULc/Lib/site-packages" type="simple" />
            <root url="file://$USER_HOME$/.PyCharm2019.1/system/python_stubs/2055804282" type="simple" />
            <root url="file://$APPLICATION_HOME_DIR$/helpers/python-skeletons" type="simple" />
            <root url="file://$APPLICATION_HOME_DIR$/helpers/typeshed/stdlib/3" type="simple" />
            <root url="file://$APPLICATION_HOME_DIR$/helpers/typeshed/stdlib/2and3" type="simple" />
            <root url="file://$APPLICATION_HOME_DIR$/helpers/typeshed/third_party/3" type="simple" />
            <root url="file://$APPLICATION_HOME_DIR$/helpers/typeshed/third_party/2and3" type="simple" />
          </root>
        </classPath>
        <sourcePath>
          <root type="composite" />
        </sourcePath>
      </roots>
      <additional ASSOCIATED_PROJECT_PATH="C:/workspace/rainist/deploy-cli" IS_PIPENV="true" />
    </jdk>
    <jdk version="2">
      <name value="Pipenv (monitoring-cronjob)" />
      <type value="Python SDK" />
      <version value="Python 3.7.3" />
      <homePath value="C:\Users\ash84\.virtualenvs\monitoring-cronjob-r0EoiXUs\Scripts\python.exe" />
      <roots>
        <classPath>
          <root type="composite">
            <root url="file://$USER_HOME$/.virtualenvs/monitoring-cronjob-r0EoiXUs/Lib" type="simple" />
            <root url="file://$USER_HOME$/.virtualenvs/monitoring-cronjob-r0EoiXUs/Scripts" type="simple" />
            <root url="file://$USER_HOME$/AppData/Local/Programs/Python/Python37-32/Lib" type="simple" />
            <root url="file://$USER_HOME$/AppData/Local/Programs/Python/Python37-32/DLLs" type="simple" />
            <root url="file://$USER_HOME$/.virtualenvs/monitoring-cronjob-r0EoiXUs" type="simple" />
            <root url="file://$USER_HOME$/.virtualenvs/monitoring-cronjob-r0EoiXUs/Lib/site-packages" type="simple" />
            <root url="file://$USER_HOME$/.PyCharm2019.1/system/python_stubs/588124718" type="simple" />
            <root url="file://$APPLICATION_HOME_DIR$/helpers/python-skeletons" type="simple" />
            <root url="file://$APPLICATION_HOME_DIR$/helpers/typeshed/stdlib/3" type="simple" />
            <root url="file://$APPLICATION_HOME_DIR$/helpers/typeshed/stdlib/2and3" type="simple" />
            <root url="file://$APPLICATION_HOME_DIR$/helpers/typeshed/third_party/3" type="simple" />
            <root url="file://$APPLICATION_HOME_DIR$/helpers/typeshed/third_party/2and3" type="simple" />
          </root>
        </classPath>
        <sourcePath>
          <root type="composite" />
        </sourcePath>
      </roots>
      <additional ASSOCIATED_PROJECT_PATH="C:/workspace/rainist/monitoring-cronjob" IS_PIPENV="true" />
    </jdk>
    <jdk version="2">
      <name value="Pipenv (master-account-monitoring-cronjob)" />
      <type value="Python SDK" />
      <version value="Python 3.7.3" />
      <homePath value="C:\Users\ash84\.virtualenvs\master-account-monitoring-cronjob-gN4w2TFT\Scripts\python.exe" />
      <roots>
        <classPath>
          <root type="composite">
            <root url="file://$USER_HOME$/.virtualenvs/master-account-monitoring-cronjob-gN4w2TFT/Lib" type="simple" />
            <root url="file://$USER_HOME$/.virtualenvs/master-account-monitoring-cronjob-gN4w2TFT/Scripts" type="simple" />
            <root url="file://$USER_HOME$/AppData/Local/Programs/Python/Python37-32/Lib" type="simple" />
            <root url="file://$USER_HOME$/AppData/Local/Programs/Python/Python37-32/DLLs" type="simple" />
            <root url="file://$USER_HOME$/.virtualenvs/master-account-monitoring-cronjob-gN4w2TFT" type="simple" />
            <root url="file://$USER_HOME$/.virtualenvs/master-account-monitoring-cronjob-gN4w2TFT/Lib/site-packages" type="simple" />
            <root url="file://$USER_HOME$/.PyCharm2019.1/system/python_stubs/-34009804" type="simple" />
            <root url="file://$APPLICATION_HOME_DIR$/helpers/python-skeletons" type="simple" />
            <root url="file://$APPLICATION_HOME_DIR$/helpers/typeshed/stdlib/3" type="simple" />
            <root url="file://$APPLICATION_HOME_DIR$/helpers/typeshed/stdlib/2and3" type="simple" />
            <root url="file://$APPLICATION_HOME_DIR$/helpers/typeshed/third_party/3" type="simple" />
            <root url="file://$APPLICATION_HOME_DIR$/helpers/typeshed/third_party/2and3" type="simple" />
          </root>
        </classPath>
        <sourcePath>
          <root type="composite" />
        </sourcePath>
      </roots>
      <additional ASSOCIATED_PROJECT_PATH="C:/workspace/rainist/master-account-monitoring-cronjob" IS_PIPENV="true" />
    </jdk>
    <jdk version="2">
      <name value="Python 3.7 (ars-inbiznet)" />
      <type value="Python SDK" />
      <version value="Python 3.7.3" />
      <homePath value="C:\Users\ash84\.virtualenvs\ars-inbiznet-Yw9dYOrH\Scripts\python.exe" />
      <roots>
        <classPath>
          <root type="composite">
            <root url="file://$USER_HOME$/.virtualenvs/ars-inbiznet-Yw9dYOrH/Lib" type="simple" />
            <root url="file://$USER_HOME$/.virtualenvs/ars-inbiznet-Yw9dYOrH/Scripts" type="simple" />
            <root url="file://$USER_HOME$/AppData/Local/Programs/Python/Python37-32/Lib" type="simple" />
            <root url="file://$USER_HOME$/AppData/Local/Programs/Python/Python37-32/DLLs" type="simple" />
            <root url="file://$USER_HOME$/.virtualenvs/ars-inbiznet-Yw9dYOrH" type="simple" />
            <root url="file://$USER_HOME$/.virtualenvs/ars-inbiznet-Yw9dYOrH/Lib/site-packages" type="simple" />
            <root url="jar://$USER_HOME$/.virtualenvs/ars-inbiznet-Yw9dYOrH/Lib/site-packages/setuptools-40.8.0-py3.7.egg!/" type="simple" />
            <root url="file://$USER_HOME$/.virtualenvs/ars-inbiznet-Yw9dYOrH/Lib/site-packages/pip-19.0.3-py3.7.egg" type="simple" />
            <root url="file://$USER_HOME$/.PyCharm2019.1/system/python_stubs/-173309570" type="simple" />
            <root url="file://$APPLICATION_HOME_DIR$/helpers/python-skeletons" type="simple" />
            <root url="file://$APPLICATION_HOME_DIR$/helpers/typeshed/stdlib/3" type="simple" />
            <root url="file://$APPLICATION_HOME_DIR$/helpers/typeshed/stdlib/2and3" type="simple" />
            <root url="file://$APPLICATION_HOME_DIR$/helpers/typeshed/third_party/3" type="simple" />
            <root url="file://$APPLICATION_HOME_DIR$/helpers/typeshed/third_party/2and3" type="simple" />
          </root>
        </classPath>
        <sourcePath>
          <root type="composite" />
        </sourcePath>
      </roots>
      <additional ASSOCIATED_PROJECT_PATH="C:/workspace/rainist/ars-inbiznet" />
    </jdk>
  </component>
</application>